event,course,age_start,age_end,mean,std
100 BK,LCM,15,19,0.7740,0.0330
100 BK,LCM,15,20,0.7678,0.0335
100 BK,LCM,15,21,0.7629,0.0348
100 BK,LCM,15,22,0.7662,0.0333
100 BK,LCM,15,23,0.7588,0.0361
100 BK,LCM,15,24,0.7686,0.0469
100 BK,LCM,15,25,0.7657,0.0615
100 BK,LCM,16,19,0.8011,0.0270
100 BK,LCM,16,20,0.7941,0.0289
100 BK,LCM,16,21,0.7877,0.0310
100 BK,LCM,16,22,0.7892,0.0303
100 BK,LCM,16,23,0.7835,0.0339
100 BK,LCM,16,24,0.7941,0.0353
100 BK,LCM,16,25,0.7889,0.0517
100 BK,LCM,17,19,0.8178,0.0226
100 BK,LCM,17,20,0.8106,0.0248
100 BK,LCM,17,21,0.8040,0.0267
100 BK,LCM,17,22,0.8041,0.0271
100 BK,LCM,17,23,0.8005,0.0328
100 BK,LCM,17,24,0.8027,0.0380
100 BK,LCM,17,25,0.8135,0.0301
100 BK,LCM,18,19,0.8245,0.0205
100 BK,LCM,18,20,0.8189,0.0211
100 BK,LCM,18,21,0.8127,0.0231
100 BK,LCM,18,22,0.8116,0.0240
100 BK,LCM,18,23,0.8123,0.0288
100 BK,LCM,18,24,0.8168,0.0312
100 BK,LCM,18,25,0.8134,0.0468
100 BK,LCM,19,20,0.8270,0.0195
100 BK,LCM,19,21,0.8216,0.0208
100 BK,LCM,19,22,0.8215,0.0211
100 BK,LCM,19,23,0.8235,0.0271
100 BK,LCM,19,24,0.8359,0.0244
100 BK,LCM,19,25,0.8314,0.0412
100 BK,LCM,20,21,0.8286,0.0200
100 BK,LCM,20,22,0.8278,0.0207
100 BK,LCM,20,23,0.8269,0.0237
100 BK,LCM,20,24,0.8409,0.0155
100 BK,LCM,20,25,0.8406,0.0213
100 BK,LCM,21,22,0.8319,0.0207
100 BK,LCM,21,23,0.8340,0.0215
100 BK,LCM,21,24,0.8436,0.0178
100 BK,LCM,21,25,0.8418,0.0240
100 BK,SCM,15,19,0.7842,0.0540
100 BK,SCM,15,20,0.7783,0.0484
100 BK,SCM,15,21,0.7775,0.0453
100 BK,SCM,15,22,0.7817,0.0470
100 BK,SCM,15,23,0.8005,0.1123
100 BK,SCM,15,24,0.9076,
100 BK,SCM,15,25,,
100 BK,SCM,16,19,0.8174,0.0418
100 BK,SCM,16,20,0.8114,0.0384
100 BK,SCM,16,21,0.8010,0.0464
100 BK,SCM,16,22,0.8119,0.0426
100 BK,SCM,16,23,0.8311,0.0587
100 BK,SCM,16,24,0.8331,0.0486
100 BK,SCM,16,25,0.8897,0.0702
100 BK,SCM,17,19,0.8304,0.0364
100 BK,SCM,17,20,0.8320,0.0392
100 BK,SCM,17,21,0.8230,0.0388
100 BK,SCM,17,22,0.8323,0.0334
100 BK,SCM,17,23,0.8341,0.0329
100 BK,SCM,17,24,0.8231,0.0380
100 BK,SCM,17,25,0.8182,
100 BK,SCM,18,19,0.8604,0.0354
100 BK,SCM,18,20,0.8571,0.0324
100 BK,SCM,18,21,0.8528,0.0326
100 BK,SCM,18,22,0.8590,0.0229
100 BK,SCM,18,23,0.8592,0.0177
100 BK,SCM,18,24,0.8748,0.0209
100 BK,SCM,18,25,0.8589,0.0221
100 BK,SCM,19,20,0.8800,0.0125
100 BK,SCM,19,21,0.8755,0.0183
100 BK,SCM,19,22,0.8715,0.0152
100 BK,SCM,19,23,0.8823,0.0161
100 BK,SCM,19,24,0.8962,0.0241
100 BK,SCM,19,25,0.8822,0.0108
100 BK,SCM,20,21,0.8764,0.0181
100 BK,SCM,20,22,0.8741,0.0122
100 BK,SCM,20,23,0.8779,0.0147
100 BK,SCM,20,24,0.8889,0.0165
100 BK,SCM,20,25,0.9194,0.0340
100 BK,SCM,21,22,0.8767,0.0235
100 BK,SCM,21,23,0.8740,0.0140
100 BK,SCM,21,24,0.8881,0.0213
100 BK,SCM,21,25,0.8831,0.0180
100 BK,SCY,15,19,0.9091,0.0340
100 BK,SCY,15,20,0.9000,0.0357
100 BK,SCY,15,21,0.8940,0.0361
100 BK,SCY,15,22,0.8918,0.0377
100 BK,SCY,15,23,0.8912,0.0362
100 BK,SCY,15,24,0.9064,0.0363
100 BK,SCY,15,25,0.8914,0.0672
100 BK,SCY,16,19,0.9406,0.0272
100 BK,SCY,16,20,0.9309,0.0294
100 BK,SCY,16,21,0.9238,0.0306
100 BK,SCY,16,22,0.9198,0.0320
100 BK,SCY,16,23,0.9192,0.0299
100 BK,SCY,16,24,0.9213,0.0351
100 BK,SCY,16,25,0.9229,0.0468
100 BK,SCY,17,19,0.9635,0.0209
100 BK,SCY,17,20,0.9541,0.0229
100 BK,SCY,17,21,0.9465,0.0251
100 BK,SCY,17,22,0.9424,0.0283
100 BK,SCY,17,23,0.9416,0.0316
100 BK,SCY,17,24,0.9410,0.0269
100 BK,SCY,17,25,0.9483,0.0414
100 BK,SCY,18,19,0.9806,0.0175
100 BK,SCY,18,20,0.9714,0.0196
100 BK,SCY,18,21,0.9646,0.0220
100 BK,SCY,18,22,0.9583,0.0257
100 BK,SCY,18,23,0.9547,0.0283
100 BK,SCY,18,24,0.9532,0.0278
100 BK,SCY,18,25,0.9712,0.0349
100 BK,SCY,19,20,0.9877,0.0152
100 BK,SCY,19,21,0.9801,0.0188
100 BK,SCY,19,22,0.9758,0.0212
100 BK,SCY,19,23,0.9717,0.0292
100 BK,SCY,19,24,0.9781,0.0244
100 BK,SCY,19,25,0.9769,0.0394
100 BK,SCY,20,21,0.9919,0.0150
100 BK,SCY,20,22,0.9883,0.0193
100 BK,SCY,20,23,0.9877,0.0230
100 BK,SCY,20,24,0.9933,0.0204
100 BK,SCY,20,25,1.0035,0.0246
100 BK,SCY,21,22,0.9962,0.0160
100 BK,SCY,21,23,0.9932,0.0228
100 BK,SCY,21,24,0.9945,0.0257
100 BK,SCY,21,25,1.0003,0.0296
100 BR,LCM,15,19,0.7768,0.0355
100 BR,LCM,15,20,0.7665,0.0368
100 BR,LCM,15,21,0.7647,0.0364
100 BR,LCM,15,22,0.7635,0.0360
100 BR,LCM,15,23,0.7634,0.0372
100 BR,LCM,15,24,0.7685,0.0373
100 BR,LCM,15,25,0.7616,0.0428
100 BR,LCM,16,19,0.8061,0.0278
100 BR,LCM,16,20,0.7983,0.0293
100 BR,LCM,16,21,0.7929,0.0308
100 BR,LCM,16,22,0.7931,0.0297
100 BR,LCM,16,23,0.7944,0.0307
100 BR,LCM,16,24,0.7948,0.0281
100 BR,LCM,16,25,0.7858,0.0355
100 BR,LCM,17,19,0.8258,0.0215
100 BR,LCM,17,20,0.8160,0.0246
100 BR,LCM,17,21,0.8094,0.0265
100 BR,LCM,17,22,0.8127,0.0263
100 BR,LCM,17,23,0.8091,0.0266
100 BR,LCM,17,24,0.8120,0.0292
100 BR,LCM,17,25,0.8065,0.0339
100 BR,LCM,18,19,0.8357,0.0198
100 BR,LCM,18,20,0.8261,0.0221
100 BR,LCM,18,21,0.8202,0.0233
100 BR,LCM,18,22,0.8197,0.0253
100 BR,LCM,18,23,0.8206,0.0284
100 BR,LCM,18,24,0.8198,0.0324
100 BR,LCM,18,25,0.8227,0.0370
100 BR,LCM,19,20,0.8349,0.0205
100 BR,LCM,19,21,0.8287,0.0229
100 BR,LCM,19,22,0.8268,0.0244
100 BR,LCM,19,23,0.8299,0.0246
100 BR,LCM,19,24,0.8377,0.0247
100 BR,LCM,19,25,0.8439,0.0292
100 BR,LCM,20,21,0.8368,0.0196
100 BR,LCM,20,22,0.8366,0.0220
100 BR,LCM,20,23,0.8378,0.0223
100 BR,LCM,20,24,0.8444,0.0242
100 BR,LCM,20,25,0.8466,0.0303
100 BR,LCM,21,22,0.8412,0.0188
100 BR,LCM,21,23,0.8440,0.0227
100 BR,LCM,21,24,0.8474,0.0239
100 BR,LCM,21,25,0.8579,0.0223
100 BR,SCM,15,19,0.7646,0.0392
100 BR,SCM,15,20,0.7626,0.0438
100 BR,SCM,15,21,0.7667,0.0493
100 BR,SCM,15,22,0.7696,0.0522
100 BR,SCM,15,23,0.8641,0.0668
100 BR,SCM,15,24,0.9153,0.0081
100 BR,SCM,15,25,0.8195,0.1176
100 BR,SCM,16,19,0.7995,0.0393
100 BR,SCM,16,20,0.7966,0.0419
100 BR,SCM,16,21,0.8003,0.0340
100 BR,SCM,16,22,0.7930,0.0389
100 BR,SCM,16,23,0.8217,0.0444
100 BR,SCM,16,24,0.8353,0.0498
100 BR,SCM,16,25,0.8356,0.0491
100 BR,SCM,17,19,0.8309,0.0343
100 BR,SCM,17,20,0.8273,0.0336
100 BR,SCM,17,21,0.8183,0.0329
100 BR,SCM,17,22,0.8310,0.0241
100 BR,SCM,17,23,0.8306,0.0274
100 BR,SCM,17,24,0.8472,0.0445
100 BR,SCM,17,25,0.8613,0.0555
100 BR,SCM,18,19,0.8550,0.0324
100 BR,SCM,18,20,0.8512,0.0329
100 BR,SCM,18,21,0.8493,0.0379
100 BR,SCM,18,22,0.8467,0.0340
100 BR,SCM,18,23,0.8539,0.0346
100 BR,SCM,18,24,0.8630,0.0272
100 BR,SCM,18,25,0.8292,0.0545
100 BR,SCM,19,20,0.8689,0.0273
100 BR,SCM,19,21,0.8636,0.0263
100 BR,SCM,19,22,0.8653,0.0249
100 BR,SCM,19,23,0.8637,0.0246
100 BR,SCM,19,24,0.8692,0.0424
100 BR,SCM,19,25,0.8617,0.0329
100 BR,SCM,20,21,0.8795,0.0259
100 BR,SCM,20,22,0.8777,0.0226
100 BR,SCM,20,23,0.8841,0.0177
100 BR,SCM,20,24,0.8805,0.0320
100 BR,SCM,20,25,0.8758,0.0366
100 BR,SCM,21,22,0.8855,0.0204
100 BR,SCM,21,23,0.8864,0.0241
100 BR,SCM,21,24,0.8949,0.0305
100 BR,SCM,21,25,0.8962,0.0290
100 BR,SCY,15,19,0.9131,0.0330
100 BR,SCY,15,20,0.9008,0.0358
100 BR,SCY,15,21,0.8944,0.0386
100 BR,SCY,15,22,0.8879,0.0392
100 BR,SCY,15,23,0.8969,0.0336
100 BR,SCY,15,24,0.9001,0.0330
100 BR,SCY,15,25,0.8987,0.0398
100 BR,SCY,16,19,0.9446,0.0260
100 BR,SCY,16,20,0.9328,0.0278
100 BR,SCY,16,21,0.9247,0.0302
100 BR,SCY,16,22,0.9203,0.0321
100 BR,SCY,16,23,0.9234,0.0260
100 BR,SCY,16,24,0.9274,0.0292
100 BR,SCY,16,25,0.9152,0.0307
100 BR,SCY,17,19,0.9662,0.0191
100 BR,SCY,17,20,0.9555,0.0214
100 BR,SCY,17,21,0.9462,0.0235
100 BR,SCY,17,22,0.9405,0.0292
100 BR,SCY,17,23,0.9403,0.0298
100 BR,SCY,17,24,0.9415,0.0289
100 BR,SCY,17,25,0.9380,0.0273
100 BR,SCY,18,19,0.9833,0.0159
100 BR,SCY,18,20,0.9728,0.0171
100 BR,SCY,18,21,0.9655,0.0206
100 BR,SCY,18,22,0.9587,0.0238
100 BR,SCY,18,23,0.9618,0.0258
100 BR,SCY,18,24,0.9543,0.0336
100 BR,SCY,18,25,0.9664,0.0283
100 BR,SCY,19,20,0.9875,0.0142
100 BR,SCY,19,21,0.9793,0.0175
100 BR,SCY,19,22,0.9749,0.0199
100 BR,SCY,19,23,0.9711,0.0260
100 BR,SCY,19,24,0.9781,0.0311
100 BR,SCY,19,25,0.9933,0.0276
100 BR,SCY,20,21,0.9908,0.0137
100 BR,SCY,20,22,0.9865,0.0174
100 BR,SCY,20,23,0.9847,0.0218
100 BR,SCY,20,24,0.9858,0.0235
100 BR,SCY,20,25,0.9969,0.0285
100 BR,SCY,21,22,0.9940,0.0153
100 BR,SCY,21,23,0.9921,0.0201
100 BR,SCY,21,24,0.9920,0.0244
100 BR,SCY,21,25,1.0025,0.0264
100 FL,LCM,15,19,0.7981,0.0337
100 FL,LCM,15,20,0.7855,0.0356
100 FL,LCM,15,21,0.7805,0.0377
100 FL,LCM,15,22,0.7783,0.0411
100 FL,LCM,15,23,0.7754,0.0498
100 FL,LCM,15,24,0.7948,0.0456
100 FL,LCM,15,25,0.7923,0.0555
100 FL,LCM,16,19,0.8247,0.0256
100 FL,LCM,16,20,0.8144,0.0286
100 FL,LCM,16,21,0.8098,0.0297
100 FL,LCM,16,22,0.8092,0.0300
100 FL,LCM,16,23,0.8092,0.0351
100 FL,LCM,16,24,0.8197,0.0311
100 FL,LCM,16,25,0.8154,0.0476
100 FL,LCM,17,19,0.8445,0.0198
100 FL,LCM,17,20,0.8347,0.0227
100 FL,LCM,17,21,0.8297,0.0249
100 FL,LCM,17,22,0.8272,0.0258
100 FL,LCM,17,23,0.8285,0.0256
100 FL,LCM,17,24,0.8319,0.0342
100 FL,LCM,17,25,0.8340,0.0401
100 FL,LCM,18,19,0.8524,0.0180
100 FL,LCM,18,20,0.8445,0.0213
100 FL,LCM,18,21,0.8384,0.0228
100 FL,LCM,18,22,0.8354,0.0257
100 FL,LCM,18,23,0.8401,0.0242
100 FL,LCM,18,24,0.8369,0.0362
100 FL,LCM,18,25,0.8483,0.0294
100 FL,LCM,19,20,0.8516,0.0189
100 FL,LCM,19,21,0.8468,0.0212
100 FL,LCM,19,22,0.8446,0.0219
100 FL,LCM,19,23,0.8487,0.0235
100 FL,LCM,19,24,0.8471,0.0300
100 FL,LCM,19,25,0.8613,0.0329
100 FL,LCM,20,21,0.8553,0.0176
100 FL,LCM,20,22,0.8538,0.0190
100 FL,LCM,20,23,0.8579,0.0235
100 FL,LCM,20,24,0.8592,0.0258
100 FL,LCM,20,25,0.8720,0.0267
100 FL,LCM,21,22,0.8582,0.0183
100 FL,LCM,21,23,0.8573,0.0239
100 FL,LCM,21,24,0.8601,0.0252
100 FL,LCM,21,25,0.8745,0.0253
100 FL,SCM,15,19,0.8015,0.0394
100 FL,SCM,15,20,0.7799,0.0476
100 FL,SCM,15,21,0.7775,0.0631
100 FL,SCM,15,22,0.7716,0.0638
100 FL,SCM,15,23,0.8372,0.0142
100 FL,SCM,15,24,0.8632,0.0360
100 FL,SCM,15,25,0.8972,0.0312
100 FL,SCM,16,19,0.8259,0.0319
100 FL,SCM,16,20,0.8118,0.0385
100 FL,SCM,16,21,0.7967,0.0442
100 FL,SCM,16,22,0.7916,0.0349
100 FL,SCM,16,23,0.8295,0.0566
100 FL,SCM,16,24,0.8247,0.0575
100 FL,SCM,16,25,0.8287,0.0378
100 FL,SCM,17,19,0.8535,0.0282
100 FL,SCM,17,20,0.8397,0.0323
100 FL,SCM,17,21,0.8325,0.0336
100 FL,SCM,17,22,0.8274,0.0373
100 FL,SCM,17,23,0.8254,0.0494
100 FL,SCM,17,24,0.8259,0.0356
100 FL,SCM,17,25,0.8538,
100 FL,SCM,18,19,0.8725,0.0214
100 FL,SCM,18,20,0.8637,0.0246
100 FL,SCM,18,21,0.8535,0.0327
100 FL,SCM,18,22,0.8466,0.0328
100 FL,SCM,18,23,0.8741,0.0209
100 FL,SCM,18,24,0.8623,0.0331
100 FL,SCM,18,25,0.8631,0.0179
100 FL,SCM,19,20,0.8751,0.0258
100 FL,SCM,19,21,0.8781,0.0259
100 FL,SCM,19,22,0.8763,0.0294
100 FL,SCM,19,23,0.8741,0.0307
100 FL,SCM,19,24,0.8679,0.0090
100 FL,SCM,19,25,0.9049,0.0250
100 FL,SCM,20,21,0.8780,0.0169
100 FL,SCM,20,22,0.8793,0.0151
100 FL,SCM,20,23,0.8809,0.0179
100 FL,SCM,20,24,0.8848,0.0231
100 FL,SCM,20,25,0.8911,0.0483
100 FL,SCM,21,22,0.8908,0.0261
100 FL,SCM,21,23,0.8873,0.0301
100 FL,SCM,21,24,0.8940,0.0276
100 FL,SCM,21,25,0.9074,0.0289
100 FL,SCY,15,19,0.9122,0.0347
100 FL,SCY,15,20,0.8999,0.0364
100 FL,SCY,15,21,0.8947,0.0373
100 FL,SCY,15,22,0.8905,0.0384
100 FL,SCY,15,23,0.8901,0.0397
100 FL,SCY,15,24,0.9032,0.0395
100 FL,SCY,15,25,0.9106,0.0432
100 FL,SCY,16,19,0.9434,0.0249
100 FL,SCY,16,20,0.9321,0.0266
100 FL,SCY,16,21,0.9248,0.0280
100 FL,SCY,16,22,0.9197,0.0320
100 FL,SCY,16,23,0.9231,0.0290
100 FL,SCY,16,24,0.9244,0.0330
100 FL,SCY,16,25,0.9344,0.0291
100 FL,SCY,17,19,0.9662,0.0187
100 FL,SCY,17,20,0.9559,0.0220
100 FL,SCY,17,21,0.9481,0.0238
100 FL,SCY,17,22,0.9419,0.0280
100 FL,SCY,17,23,0.9442,0.0316
100 FL,SCY,17,24,0.9425,0.0368
100 FL,SCY,17,25,0.9468,0.0270
100 FL,SCY,18,19,0.9829,0.0150
100 FL,SCY,18,20,0.9728,0.0190
100 FL,SCY,18,21,0.9653,0.0214
100 FL,SCY,18,22,0.9588,0.0232
100 FL,SCY,18,23,0.9593,0.0263
100 FL,SCY,18,24,0.9568,0.0321
100 FL,SCY,18,25,0.9743,0.0258
100 FL,SCY,19,20,0.9880,0.0140
100 FL,SCY,19,21,0.9826,0.0155
100 FL,SCY,19,22,0.9769,0.0186
100 FL,SCY,19,23,0.9743,0.0253
100 FL,SCY,19,24,0.9791,0.0334
100 FL,SCY,19,25,0.9831,0.0320
100 FL,SCY,20,21,0.9914,0.0132
100 FL,SCY,20,22,0.9869,0.0162
100 FL,SCY,20,23,0.9851,0.0225
100 FL,SCY,20,24,0.9818,0.0272
100 FL,SCY,20,25,1.0028,0.0262
100 FL,SCY,21,22,0.9928,0.0143
100 FL,SCY,21,23,0.9910,0.0218
100 FL,SCY,21,24,0.9862,0.0234
100 FL,SCY,21,25,1.0020,0.0196
100 FR,LCM,15,19,0.7948,0.0305
100 FR,LCM,15,20,0.7856,0.0305
100 FR,LCM,15,21,0.7786,0.0305
100 FR,LCM,15,22,0.7800,0.0317
100 FR,LCM,15,23,0.7738,0.0343
100 FR,LCM,15,24,0.7792,0.0342
100 FR,LCM,15,25,0.7873,0.0353
100 FR,LCM,16,19,0.8189,0.0245
100 FR,LCM,16,20,0.8112,0.0252
100 FR,LCM,16,21,0.8037,0.0260
100 FR,LCM,16,22,0.8027,0.0273
100 FR,LCM,16,23,0.8052,0.0249
100 FR,LCM,16,24,0.8095,0.0329
100 FR,LCM,16,25,0.8067,0.0235
100 FR,LCM,17,19,0.8375,0.0182
100 FR,LCM,17,20,0.8298,0.0202
100 FR,LCM,17,21,0.8234,0.0212
100 FR,LCM,17,22,0.8227,0.0225
100 FR,LCM,17,23,0.8222,0.0232
100 FR,LCM,17,24,0.8242,0.0290
100 FR,LCM,17,25,0.8243,0.0249
100 FR,LCM,18,19,0.8452,0.0157
100 FR,LCM,18,20,0.8390,0.0173
100 FR,LCM,18,21,0.8326,0.0196
100 FR,LCM,18,22,0.8314,0.0204
100 FR,LCM,18,23,0.8355,0.0186
100 FR,LCM,18,24,0.8338,0.0226
100 FR,LCM,18,25,0.8340,0.0214
100 FR,LCM,19,20,0.8457,0.0159
100 FR,LCM,19,21,0.8406,0.0169
100 FR,LCM,19,22,0.8394,0.0186
100 FR,LCM,19,23,0.8418,0.0201
100 FR,LCM,19,24,0.8477,0.0227
100 FR,LCM,19,25,0.8492,0.0210
100 FR,LCM,20,21,0.8478,0.0153
100 FR,LCM,20,22,0.8468,0.0168
100 FR,LCM,20,23,0.8486,0.0173
100 FR,LCM,20,24,0.8562,0.0179
100 FR,LCM,20,25,0.8588,0.0203
100 FR,LCM,21,22,0.8511,0.0163
100 FR,LCM,21,23,0.8537,0.0181
100 FR,LCM,21,24,0.8585,0.0197
100 FR,LCM,21,25,0.8633,0.0211
100 FR,SCM,15,19,0.7876,0.0400
100 FR,SCM,15,20,0.7900,0.0417
100 FR,SCM,15,21,0.7819,0.0352
100 FR,SCM,15,22,0.7889,0.0345
100 FR,SCM,15,23,0.7685,0.0440
100 FR,SCM,15,24,0.7857,0.0732
100 FR,SCM,15,25,0.8458,0.1199
100 FR,SCM,16,19,0.8124,0.0343
100 FR,SCM,16,20,0.8121,0.0375
100 FR,SCM,16,21,0.8040,0.0333
100 FR,SCM,16,22,0.7986,0.0377
100 FR,SCM,16,23,0.8029,0.0392
100 FR,SCM,16,24,0.8075,0.0162
100 FR,SCM,16,25,0.8122,0.0251
100 FR,SCM,17,19,0.8540,0.0362
100 FR,SCM,17,20,0.8442,0.0409
100 FR,SCM,17,21,0.8355,0.0396
100 FR,SCM,17,22,0.8312,0.0270
100 FR,SCM,17,23,0.8476,0.0515
100 FR,SCM,17,24,0.8571,0.0505
100 FR,SCM,17,25,0.8525,0.0622
100 FR,SCM,18,19,0.8764,0.0233
100 FR,SCM,18,20,0.8682,0.0218
100 FR,SCM,18,21,0.8626,0.0219
100 FR,SCM,18,22,0.8662,0.0224
100 FR,SCM,18,23,0.8733,0.0256
100 FR,SCM,18,24,0.8836,0.0061
100 FR,SCM,18,25,0.8666,0.0083
100 FR,SCM,19,20,0.8780,0.0232
100 FR,SCM,19,21,0.8708,0.0271
100 FR,SCM,19,22,0.8709,0.0207
100 FR,SCM,19,23,0.8816,0.0170
100 FR,SCM,19,24,0.8763,0.0229
100 FR,SCM,19,25,0.8774,0.0344
100 FR,SCM,20,21,0.8813,0.0147
100 FR,SCM,20,22,0.8786,0.0152
100 FR,SCM,20,23,0.8817,0.0196
100 FR,SCM,20,24,0.8937,0.0169
100 FR,SCM,20,25,0.8982,0.0296
100 FR,SCM,21,22,0.8828,0.0179
100 FR,SCM,21,23,0.8828,0.0217
100 FR,SCM,21,24,0.8828,0.0129
100 FR,SCM,21,25,0.8971,0.0181
100 FR,SCY,15,19,0.9180,0.0319
100 FR,SCY,15,20,0.9070,0.0348
100 FR,SCY,15,21,0.8989,0.0332
100 FR,SCY,15,22,0.8942,0.0364
100 FR,SCY,15,23,0.8937,0.0322
100 FR,SCY,15,24,0.8992,0.0356
100 FR,SCY,15,25,0.9096,0.0259
100 FR,SCY,16,19,0.9470,0.0244
100 FR,SCY,16,20,0.9374,0.0264
100 FR,SCY,16,21,0.9292,0.0264
100 FR,SCY,16,22,0.9248,0.0289
100 FR,SCY,16,23,0.9225,0.0298
100 FR,SCY,16,24,0.9254,0.0332
100 FR,SCY,16,25,0.9324,0.0252
100 FR,SCY,17,19,0.9683,0.0181
100 FR,SCY,17,20,0.9580,0.0211
100 FR,SCY,17,21,0.9497,0.0232
100 FR,SCY,17,22,0.9450,0.0243
100 FR,SCY,17,23,0.9477,0.0237
100 FR,SCY,17,24,0.9510,0.0290
100 FR,SCY,17,25,0.9524,0.0228
100 FR,SCY,18,19,0.9831,0.0148
100 FR,SCY,18,20,0.9744,0.0168
100 FR,SCY,18,21,0.9664,0.0205
100 FR,SCY,18,22,0.9610,0.0201
100 FR,SCY,18,23,0.9624,0.0209
100 FR,SCY,18,24,0.9685,0.0269
100 FR,SCY,18,25,0.9629,0.0213
100 FR,SCY,19,20,0.9879,0.0135
100 FR,SCY,19,21,0.9811,0.0160
100 FR,SCY,19,22,0.9759,0.0188
100 FR,SCY,19,23,0.9777,0.0237
100 FR,SCY,19,24,0.9868,0.0233
100 FR,SCY,19,25,0.9896,0.0207
100 FR,SCY,20,21,0.9911,0.0123
100 FR,SCY,20,22,0.9881,0.0139
100 FR,SCY,20,23,0.9887,0.0188
100 FR,SCY,20,24,0.9942,0.0246
100 FR,SCY,20,25,0.9977,0.0264
100 FR,SCY,21,22,0.9944,0.0133
100 FR,SCY,21,23,0.9925,0.0220
100 FR,SCY,21,24,0.9971,0.0256
100 FR,SCY,21,25,1.0089,0.0222
1000 FR,SCY,15,19,1.5833,0.0469
1000 FR,SCY,15,20,1.5801,0.0501
1000 FR,SCY,15,21,1.5716,0.0523
1000 FR,SCY,15,22,1.5640,0.0495
1000 FR,SCY,15,23,1.5846,0.0484
1000 FR,SCY,15,24,1.5943,0.0291
1000 FR,SCY,15,25,1.5739,0.0221
1000 FR,SCY,16,19,1.6195,0.0398
1000 FR,SCY,16,20,1.6124,0.0417
1000 FR,SCY,16,21,1.6093,0.0413
1000 FR,SCY,16,22,1.6022,0.0450
1000 FR,SCY,16,23,1.6139,0.0385
1000 FR,SCY,16,24,1.6318,0.0381
1000 FR,SCY,16,25,1.5749,0.0579
1000 FR,SCY,17,19,1.6361,0.0350
1000 FR,SCY,17,20,1.6314,0.0382
1000 FR,SCY,17,21,1.6292,0.0371
1000 FR,SCY,17,22,1.6215,0.0402
1000 FR,SCY,17,23,1.6179,0.0497
1000 FR,SCY,17,24,1.6306,0.0608
1000 FR,SCY,17,25,1.6211,0.0431
1000 FR,SCY,18,19,1.6466,0.0318
1000 FR,SCY,18,20,1.6403,0.0331
1000 FR,SCY,18,21,1.6347,0.0371
1000 FR,SCY,18,22,1.6327,0.0343
1000 FR,SCY,18,23,1.6341,0.0366
1000 FR,SCY,18,24,1.6249,0.0521
1000 FR,SCY,18,25,1.6343,0.0515
1000 FR,SCY,19,20,1.6415,0.0342
1000 FR,SCY,19,21,1.6400,0.0360
1000 FR,SCY,19,22,1.6358,0.0393
1000 FR,SCY,19,23,1.6380,0.0420
1000 FR,SCY,19,24,1.6412,0.0505
1000 FR,SCY,19,25,1.6250,0.0577
1000 FR,SCY,20,21,1.6440,0.0335
1000 FR,SCY,20,22,1.6442,0.0336
1000 FR,SCY,20,23,1.6307,0.0365
1000 FR,SCY,20,24,1.6369,0.0719
1000 FR,SCY,20,25,1.6107,0.0679
1000 FR,SCY,21,22,1.6454,0.0332
1000 FR,SCY,21,23,1.6533,0.0396
1000 FR,SCY,21,24,1.6554,0.0448
1000 FR,SCY,21,25,1.5449,0.0024
1500 FR,LCM,15,19,0.9184,0.0301
1500 FR,LCM,15,20,0.9144,0.0315
1500 FR,LCM,15,21,0.9099,0.0317
1500 FR,LCM,15,22,0.9076,0.0325
1500 FR,LCM,15,23,0.9222,0.0262
1500 FR,LCM,15,24,0.9311,0.0203
1500 FR,LCM,15,25,0.9158,0.0257
1500 FR,LCM,16,19,0.9363,0.0247
1500 FR,LCM,16,20,0.9330,0.0258
1500 FR,LCM,16,21,0.9296,0.0278
1500 FR,LCM,16,22,0.9285,0.0305
1500 FR,LCM,16,23,0.9358,0.0276
1500 FR,LCM,16,24,0.9317,0.0252
1500 FR,LCM,16,25,0.9255,0.0194
1500 FR,LCM,17,19,0.9486,0.0217
1500 FR,LCM,17,20,0.9454,0.0227
1500 FR,LCM,17,21,0.9437,0.0242
1500 FR,LCM,17,22,0.9433,0.0265
1500 FR,LCM,17,23,0.9494,0.0231
1500 FR,LCM,17,24,0.9490,0.0306
1500 FR,LCM,17,25,0.9351,0.0299
1500 FR,LCM,18,19,0.9509,0.0204
1500 FR,LCM,18,20,0.9476,0.0221
1500 FR,LCM,18,21,0.9466,0.0240
1500 FR,LCM,18,22,0.9458,0.0255
1500 FR,LCM,18,23,0.9510,0.0221
1500 FR,LCM,18,24,0.9616,0.0297
1500 FR,LCM,18,25,0.9511,0.0270
1500 FR,LCM,19,20,0.9502,0.0194
1500 FR,LCM,19,21,0.9504,0.0204
1500 FR,LCM,19,22,0.9516,0.0227
1500 FR,LCM,19,23,0.9653,0.0212
1500 FR,LCM,19,24,0.9806,0.0189
1500 FR,LCM,19,25,0.9608,0.0270
1500 FR,LCM,20,21,0.9537,0.0178
1500 FR,LCM,20,22,0.9568,0.0189
1500 FR,LCM,20,23,0.9616,0.0243
1500 FR,LCM,20,24,0.9794,0.0177
1500 FR,LCM,20,25,0.9490,0.0249
1500 FR,LCM,21,22,0.9578,0.0171
1500 FR,LCM,21,23,0.9671,0.0163
1500 FR,LCM,21,24,0.9801,0.0249
1500 FR,LCM,21,25,0.9519,0.0266
1500 FR,SCM,15,19,0.9473,0.0407
1500 FR,SCM,15,20,0.9629,0.0252
1500 FR,SCM,15,21,0.9491,0.0357
1500 FR,SCM,15,22,0.9524,0.0408
1500 FR,SCM,15,23,0.9751,0.0211
1500 FR,SCM,15,24,0.9678,
1500 FR,SCM,15,25,0.9926,
1500 FR,SCM,16,19,0.9632,0.0258
1500 FR,SCM,16,20,0.9694,0.0323
1500 FR,SCM,16,21,0.9627,0.0371
1500 FR,SCM,16,22,0.9563,0.0380
1500 FR,SCM,16,23,0.9707,0.0608
1500 FR,SCM,16,24,,
1500 FR,SCM,16,25,,
1500 FR,SCM,17,19,0.9745,0.0246
1500 FR,SCM,17,20,0.9790,0.0246
1500 FR,SCM,17,21,0.9753,0.0281
1500 FR,SCM,17,22,0.9674,0.0238
1500 FR,SCM,17,23,0.9790,0.0565
1500 FR,SCM,17,24,0.9658,
1500 FR,SCM,17,25,0.9536,0.0033
1500 FR,SCM,18,19,0.9833,0.0201
1500 FR,SCM,18,20,0.9815,0.0163
1500 FR,SCM,18,21,0.9870,0.0235
1500 FR,SCM,18,22,0.9837,0.0364
1500 FR,SCM,18,23,0.9811,0.0450
1500 FR,SCM,18,24,0.9881,
1500 FR,SCM,18,25,0.9781,
1500 FR,SCM,19,20,0.9886,0.0191
1500 FR,SCM,19,21,0.9912,0.0139
1500 FR,SCM,19,22,0.9910,0.0116
1500 FR,SCM,19,23,0.9875,0.0278
1500 FR,SCM,19,24,0.9838,
1500 FR,SCM,19,25,0.9738,
1500 FR,SCM,20,21,0.9924,0.0145
1500 FR,SCM,20,22,0.9990,0.0167
1500 FR,SCM,20,23,1.0115,0.0171
1500 FR,SCM,20,24,1.0070,0.0094
1500 FR,SCM,20,25,0.9966,0.0056
1500 FR,SCM,21,22,0.9969,0.0125
1500 FR,SCM,21,23,1.0098,0.0111
1500 FR,SCM,21,24,1.0146,0.0195
1500 FR,SCM,21,25,0.9959,
1650 FR,SCY,15,19,0.9463,0.0281
1650 FR,SCY,15,20,0.9435,0.0292
1650 FR,SCY,15,21,0.9385,0.0293
1650 FR,SCY,15,22,0.9314,0.0323
1650 FR,SCY,15,23,0.9443,0.0251
1650 FR,SCY,15,24,0.9572,0.0183
1650 FR,SCY,15,25,0.9341,0.0139
1650 FR,SCY,16,19,0.9670,0.0237
1650 FR,SCY,16,20,0.9627,0.0241
1650 FR,SCY,16,21,0.9604,0.0246
1650 FR,SCY,16,22,0.9553,0.0279
1650 FR,SCY,16,23,0.9582,0.0264
1650 FR,SCY,16,24,0.9606,0.0332
1650 FR,SCY,16,25,0.9483,0.0285
1650 FR,SCY,17,19,0.9780,0.0201
1650 FR,SCY,17,20,0.9754,0.0202
1650 FR,SCY,17,21,0.9730,0.0209
1650 FR,SCY,17,22,0.9707,0.0223
1650 FR,SCY,17,23,0.9668,0.0316
1650 FR,SCY,17,24,0.9736,0.0421
1650 FR,SCY,17,25,0.9738,0.0275
1650 FR,SCY,18,19,0.9905,0.0154
1650 FR,SCY,18,20,0.9861,0.0176
1650 FR,SCY,18,21,0.9849,0.0194
1650 FR,SCY,18,22,0.9767,0.0222
1650 FR,SCY,18,23,0.9838,0.0246
1650 FR,SCY,18,24,0.9966,0.0159
1650 FR,SCY,18,25,0.9890,0.0237
1650 FR,SCY,19,20,0.9964,0.0127
1650 FR,SCY,19,21,0.9949,0.0145
1650 FR,SCY,19,22,0.9947,0.0169
1650 FR,SCY,19,23,0.9960,0.0203
1650 FR,SCY,19,24,0.9994,0.0174
1650 FR,SCY,19,25,0.9917,0.0090
1650 FR,SCY,20,21,0.9992,0.0117
1650 FR,SCY,20,22,0.9993,0.0131
1650 FR,SCY,20,23,1.0020,0.0157
1650 FR,SCY,20,24,1.0077,0.0157
1650 FR,SCY,20,25,0.9890,0.0189
1650 FR,SCY,21,22,0.9992,0.0119
1650 FR,SCY,21,23,0.9976,0.0189
1650 FR,SCY,21,24,1.0003,0.0184
1650 FR,SCY,21,25,0.9916,0.0333
200 BK,LCM,15,19,0.7882,0.0309
200 BK,LCM,15,20,0.7798,0.0319
200 BK,LCM,15,21,0.7761,0.0329
200 BK,LCM,15,22,0.7725,0.0328
200 BK,LCM,15,23,0.7758,0.0420
200 BK,LCM,15,24,0.7939,0.0438
200 BK,LCM,15,25,0.7754,0.0787
200 BK,LCM,16,19,0.8121,0.0269
200 BK,LCM,16,20,0.8041,0.0278
200 BK,LCM,16,21,0.8005,0.0289
200 BK,LCM,16,22,0.7992,0.0291
200 BK,LCM,16,23,0.8022,0.0327
200 BK,LCM,16,24,0.8138,0.0391
200 BK,LCM,16,25,0.7994,0.0716
200 BK,LCM,17,19,0.8267,0.0222
200 BK,LCM,17,20,0.8198,0.0240
200 BK,LCM,17,21,0.8152,0.0255
200 BK,LCM,17,22,0.8132,0.0275
200 BK,LCM,17,23,0.8154,0.0304
200 BK,LCM,17,24,0.8287,0.0332
200 BK,LCM,17,25,0.8364,0.0409
200 BK,LCM,18,19,0.8304,0.0214
200 BK,LCM,18,20,0.8247,0.0228
200 BK,LCM,18,21,0.8213,0.0244
200 BK,LCM,18,22,0.8203,0.0259
200 BK,LCM,18,23,0.8240,0.0284
200 BK,LCM,18,24,0.8396,0.0295
200 BK,LCM,18,25,0.8410,0.0411
200 BK,LCM,19,20,0.8292,0.0214
200 BK,LCM,19,21,0.8255,0.0237
200 BK,LCM,19,22,0.8247,0.0233
200 BK,LCM,19,23,0.8310,0.0246
200 BK,LCM,19,24,0.8425,0.0238
200 BK,LCM,19,25,0.8474,0.0214
200 BK,LCM,20,21,0.8323,0.0221
200 BK,LCM,20,22,0.8313,0.0215
200 BK,LCM,20,23,0.8369,0.0205
200 BK,LCM,20,24,0.8418,0.0208
200 BK,LCM,20,25,0.8477,0.0342
200 BK,LCM,21,22,0.8337,0.0205
200 BK,LCM,21,23,0.8372,0.0222
200 BK,LCM,21,24,0.8402,0.0251
200 BK,LCM,21,25,0.8432,0.0283
200 BK,SCM,15,19,0.8072,0.0473
200 BK,SCM,15,20,0.8045,0.0426
200 BK,SCM,15,21,0.7937,0.0410
200 BK,SCM,15,22,0.8039,0.0763
200 BK,SCM,15,23,0.8790,0.0257
200 BK,SCM,15,24,0.8906,0.0313
200 BK,SCM,15,25,0.9440,
200 BK,SCM,16,19,0.8304,0.0383
200 BK,SCM,16,20,0.8291,0.0424
200 BK,SCM,16,21,0.8210,0.0439
200 BK,SCM,16,22,0.8246,0.0475
200 BK,SCM,16,23,0.8345,0.0822
200 BK,SCM,16,24,0.8373,0.0566
200 BK,SCM,16,25,0.8956,0.0440
200 BK,SCM,17,19,0.8499,0.0328
200 BK,SCM,17,20,0.8308,0.0444
200 BK,SCM,17,21,0.8277,0.0413
200 BK,SCM,17,22,0.8190,0.0454
200 BK,SCM,17,23,0.8197,0.0351
200 BK,SCM,17,24,0.8337,0.0380
200 BK,SCM,17,25,0.8230,
200 BK,SCM,18,19,0.8626,0.0232
200 BK,SCM,18,20,0.8638,0.0255
200 BK,SCM,18,21,0.8566,0.0383
200 BK,SCM,18,22,0.8493,0.0384
200 BK,SCM,18,23,0.8860,0.0446
200 BK,SCM,18,24,0.8687,0.0336
200 BK,SCM,18,25,0.8881,0.0819
200 BK,SCM,19,20,0.8801,0.0153
200 BK,SCM,19,21,0.8821,0.0187
200 BK,SCM,19,22,0.8776,0.0180
200 BK,SCM,19,23,0.8862,0.0222
200 BK,SCM,19,24,0.8850,0.0044
200 BK,SCM,19,25,0.8886,
200 BK,SCM,20,21,0.8738,0.0239
200 BK,SCM,20,22,0.8773,0.0151
200 BK,SCM,20,23,0.8806,0.0236
200 BK,SCM,20,24,0.8964,0.0101
200 BK,SCM,20,25,0.9506,
200 BK,SCM,21,22,0.8799,0.0262
200 BK,SCM,21,23,0.8936,0.0125
200 BK,SCM,21,24,0.9001,0.0113
200 BK,SCM,21,25,0.9342,0.0192
200 BK,SCY,15,19,0.9171,0.0332
200 BK,SCY,15,20,0.9097,0.0341
200 BK,SCY,15,21,0.9049,0.0339
200 BK,SCY,15,22,0.9010,0.0352
200 BK,SCY,15,23,0.9093,0.0334
200 BK,SCY,15,24,0.9244,0.0390
200 BK,SCY,15,25,0.9265,0.0505
200 BK,SCY,16,19,0.9479,0.0263
200 BK,SCY,16,20,0.9382,0.0283
200 BK,SCY,16,21,0.9338,0.0290
200 BK,SCY,16,22,0.9282,0.0300
200 BK,SCY,16,23,0.9311,0.0324
200 BK,SCY,16,24,0.9396,0.0380
200 BK,SCY,16,25,0.9530,0.0460
200 BK,SCY,17,19,0.9655,0.0221
200 BK,SCY,17,20,0.9579,0.0240
200 BK,SCY,17,21,0.9530,0.0262
200 BK,SCY,17,22,0.9487,0.0270
200 BK,SCY,17,23,0.9521,0.0286
200 BK,SCY,17,24,0.9516,0.0345
200 BK,SCY,17,25,0.9713,0.0422
200 BK,SCY,18,19,0.9838,0.0166
200 BK,SCY,18,20,0.9748,0.0189
200 BK,SCY,18,21,0.9692,0.0220
200 BK,SCY,18,22,0.9605,0.0235
200 BK,SCY,18,23,0.9616,0.0226
200 BK,SCY,18,24,0.9685,0.0311
200 BK,SCY,18,25,0.9876,0.0378
200 BK,SCY,19,20,0.9899,0.0149
200 BK,SCY,19,21,0.9843,0.0191
200 BK,SCY,19,22,0.9791,0.0202
200 BK,SCY,19,23,0.9857,0.0255
200 BK,SCY,19,24,0.9893,0.0320
200 BK,SCY,19,25,0.9867,0.0339
200 BK,SCY,20,21,0.9942,0.0143
200 BK,SCY,20,22,0.9915,0.0167
200 BK,SCY,20,23,0.9936,0.0214
200 BK,SCY,20,24,0.9995,0.0224
200 BK,SCY,20,25,1.0120,0.0303
200 BK,SCY,21,22,0.9964,0.0141
200 BK,SCY,21,23,0.9961,0.0201
200 BK,SCY,21,24,0.9974,0.0218
200 BK,SCY,21,25,1.0010,0.0255
200 BR,LCM,15,19,0.7826,0.0356
200 BR,LCM,15,20,0.7704,0.0377
200 BR,LCM,15,21,0.7674,0.0386
200 BR,LCM,15,22,0.7626,0.0389
200 BR,LCM,15,23,0.7661,0.0447
200 BR,LCM,15,24,0.7699,0.0398
200 BR,LCM,15,25,0.7775,0.0382
200 BR,LCM,16,19,0.8096,0.0294
200 BR,LCM,16,20,0.7995,0.0320
200 BR,LCM,16,21,0.7948,0.0337
200 BR,LCM,16,22,0.7905,0.0345
200 BR,LCM,16,23,0.8008,0.0332
200 BR,LCM,16,24,0.7935,0.0256
200 BR,LCM,16,25,0.7960,0.0236
200 BR,LCM,17,19,0.8271,0.0243
200 BR,LCM,17,20,0.8178,0.0259
200 BR,LCM,17,21,0.8122,0.0286
200 BR,LCM,17,22,0.8116,0.0278
200 BR,LCM,17,23,0.8126,0.0322
200 BR,LCM,17,24,0.8142,0.0314
200 BR,LCM,17,25,0.8170,0.0280
200 BR,LCM,18,19,0.8344,0.0231
200 BR,LCM,18,20,0.8264,0.0254
200 BR,LCM,18,21,0.8210,0.0273
200 BR,LCM,18,22,0.8205,0.0273
200 BR,LCM,18,23,0.8251,0.0286
200 BR,LCM,18,24,0.8349,0.0196
200 BR,LCM,18,25,0.8366,0.0232
200 BR,LCM,19,20,0.8323,0.0242
200 BR,LCM,19,21,0.8288,0.0249
200 BR,LCM,19,22,0.8263,0.0267
200 BR,LCM,19,23,0.8359,0.0264
200 BR,LCM,19,24,0.8328,0.0248
200 BR,LCM,19,25,0.8471,0.0269
200 BR,LCM,20,21,0.8358,0.0224
200 BR,LCM,20,22,0.8370,0.0235
200 BR,LCM,20,23,0.8402,0.0235
200 BR,LCM,20,24,0.8418,0.0209
200 BR,LCM,20,25,0.8501,0.0250
200 BR,LCM,21,22,0.8390,0.0236
200 BR,LCM,21,23,0.8472,0.0247
200 BR,LCM,21,24,0.8421,0.0278
200 BR,LCM,21,25,0.8492,0.0295
200 BR,SCM,15,19,0.7803,0.0540
200 BR,SCM,15,20,0.7723,0.0528
200 BR,SCM,15,21,0.7739,0.0533
200 BR,SCM,15,22,0.7842,0.0706
200 BR,SCM,15,23,0.8487,0.1106
200 BR,SCM,15,24,0.7547,
200 BR,SCM,15,25,0.9376,
200 BR,SCM,16,19,0.8072,0.0398
200 BR,SCM,16,20,0.8102,0.0342
200 BR,SCM,16,21,0.8067,0.0381
200 BR,SCM,16,22,0.8005,0.0321
200 BR,SCM,16,23,0.8931,
200 BR,SCM,16,24,0.8759,
200 BR,SCM,16,25,0.8752,
200 BR,SCM,17,19,0.8532,0.0330
200 BR,SCM,17,20,0.8342,0.0393
200 BR,SCM,17,21,0.8290,0.0353
200 BR,SCM,17,22,0.8330,0.0281
200 BR,SCM,17,23,0.8348,0.0240
200 BR,SCM,17,24,0.8586,0.0431
200 BR,SCM,17,25,0.8828,0.0355
200 BR,SCM,18,19,0.8729,0.0242
200 BR,SCM,18,20,0.8672,0.0343
200 BR,SCM,18,21,0.8584,0.0353
200 BR,SCM,18,22,0.8555,0.0323
200 BR,SCM,18,23,0.8673,0.0252
200 BR,SCM,18,24,0.8713,0.0188
200 BR,SCM,18,25,0.8649,0.0233
200 BR,SCM,19,20,0.8768,0.0303
200 BR,SCM,19,21,0.8748,0.0262
200 BR,SCM,19,22,0.8774,0.0241
200 BR,SCM,19,23,0.8778,0.0215
200 BR,SCM,19,24,0.8670,0.0351
200 BR,SCM,19,25,0.8699,0.0324
200 BR,SCM,20,21,0.8786,0.0268
200 BR,SCM,20,22,0.8772,0.0223
200 BR,SCM,20,23,0.8904,0.0207
200 BR,SCM,20,24,0.8811,0.0203
200 BR,SCM,20,25,0.8702,0.0385
200 BR,SCM,21,22,0.8884,0.0157
200 BR,SCM,21,23,0.8972,0.0269
200 BR,SCM,21,24,0.8944,0.0184
200 BR,SCM,21,25,0.8905,0.0248
200 BR,SCY,15,19,0.9108,0.0348
200 BR,SCY,15,20,0.8980,0.0379
200 BR,SCY,15,21,0.8929,0.0380
200 BR,SCY,15,22,0.8828,0.0401
200 BR,SCY,15,23,0.8932,0.0400
200 BR,SCY,15,24,0.8877,0.0338
200 BR,SCY,15,25,0.8987,0.0333
200 BR,SCY,16,19,0.9405,0.0296
200 BR,SCY,16,20,0.9285,0.0326
200 BR,SCY,16,21,0.9218,0.0343
200 BR,SCY,16,22,0.9152,0.0356
200 BR,SCY,16,23,0.9128,0.0390
200 BR,SCY,16,24,0.9224,0.0310
200 BR,SCY,16,25,0.9259,0.0245
200 BR,SCY,17,19,0.9605,0.0232
200 BR,SCY,17,20,0.9503,0.0258
200 BR,SCY,17,21,0.9433,0.0275
200 BR,SCY,17,22,0.9348,0.0306
200 BR,SCY,17,23,0.9360,0.0387
200 BR,SCY,17,24,0.9382,0.0268
200 BR,SCY,17,25,0.9400,0.0254
200 BR,SCY,18,19,0.9814,0.0171
200 BR,SCY,18,20,0.9712,0.0192
200 BR,SCY,18,21,0.9655,0.0222
200 BR,SCY,18,22,0.9571,0.0243
200 BR,SCY,18,23,0.9639,0.0248
200 BR,SCY,18,24,0.9613,0.0230
200 BR,SCY,18,25,0.9727,0.0237
200 BR,SCY,19,20,0.9868,0.0154
200 BR,SCY,19,21,0.9813,0.0177
200 BR,SCY,19,22,0.9743,0.0201
200 BR,SCY,19,23,0.9778,0.0306
200 BR,SCY,19,24,0.9808,0.0231
200 BR,SCY,19,25,0.9945,0.0279
200 BR,SCY,20,21,0.9918,0.0149
200 BR,SCY,20,22,0.9867,0.0162
200 BR,SCY,20,23,0.9827,0.0243
200 BR,SCY,20,24,0.9872,0.0205
200 BR,SCY,20,25,0.9929,0.0334
200 BR,SCY,21,22,0.9950,0.0148
200 BR,SCY,21,23,0.9939,0.0199
200 BR,SCY,21,24,0.9966,0.0202
200 BR,SCY,21,25,1.0064,0.0262
200 FL,LCM,15,19,0.8041,0.0347
200 FL,LCM,15,20,0.7980,0.0363
200 FL,LCM,15,21,0.7934,0.0369
200 FL,LCM,15,22,0.7916,0.0400
200 FL,LCM,15,23,0.7970,0.0471
200 FL,LCM,15,24,0.8218,0.0456
200 FL,LCM,15,25,0.8046,0.0595
200 FL,LCM,16,19,0.8288,0.0302
200 FL,LCM,16,20,0.8239,0.0302
200 FL,LCM,16,21,0.8186,0.0323
200 FL,LCM,16,22,0.8178,0.0355
200 FL,LCM,16,23,0.8271,0.0368
200 FL,LCM,16,24,0.8347,0.0359
200 FL,LCM,16,25,0.8060,0.0627
200 FL,LCM,17,19,0.8473,0.0240
200 FL,LCM,17,20,0.8412,0.0263
200 FL,LCM,17,21,0.8372,0.0288
200 FL,LCM,17,22,0.8374,0.0298
200 FL,LCM,17,23,0.8464,0.0266
200 FL,LCM,17,24,0.8460,0.0321
200 FL,LCM,17,25,0.8374,0.0408
200 FL,LCM,18,19,0.8534,0.0216
200 FL,LCM,18,20,0.8489,0.0235
200 FL,LCM,18,21,0.8441,0.0265
200 FL,LCM,18,22,0.8467,0.0254
200 FL,LCM,18,23,0.8533,0.0258
200 FL,LCM,18,24,0.8529,0.0325
200 FL,LCM,18,25,0.8589,0.0364
200 FL,LCM,19,20,0.8520,0.0226
200 FL,LCM,19,21,0.8486,0.0240
200 FL,LCM,19,22,0.8493,0.0257
200 FL,LCM,19,23,0.8589,0.0247
200 FL,LCM,19,24,0.8623,0.0285
200 FL,LCM,19,25,0.8719,0.0218
200 FL,LCM,20,21,0.8527,0.0223
200 FL,LCM,20,22,0.8546,0.0239
200 FL,LCM,20,23,0.8629,0.0231
200 FL,LCM,20,24,0.8555,0.0248
200 FL,LCM,20,25,0.8812,0.0234
200 FL,LCM,21,22,0.8586,0.0222
200 FL,LCM,21,23,0.8614,0.0260
200 FL,LCM,21,24,0.8693,0.0230
200 FL,LCM,21,25,0.8791,0.0195
200 FL,SCM,15,19,0.7945,0.0606
200 FL,SCM,15,20,0.7980,0.0472
200 FL,SCM,15,21,0.8037,0.0427
200 FL,SCM,15,22,0.8170,0.0462
200 FL,SCM,15,23,0.8700,0.0236
200 FL,SCM,15,24,0.8668,0.0107
200 FL,SCM,15,25,0.9023,
200 FL,SCM,16,19,0.8323,0.0393
200 FL,SCM,16,20,0.8267,0.0442
200 FL,SCM,16,21,0.8255,0.0471
200 FL,SCM,16,22,0.8132,0.0497
200 FL,SCM,16,23,0.8730,
200 FL,SCM,16,24,0.8694,0.0044
200 FL,SCM,16,25,0.8548,
200 FL,SCM,17,19,0.8642,0.0287
200 FL,SCM,17,20,0.8583,0.0266
200 FL,SCM,17,21,0.8507,0.0182
200 FL,SCM,17,22,0.8487,0.0358
200 FL,SCM,17,23,0.8451,0.0555
200 FL,SCM,17,24,0.8315,0.0384
200 FL,SCM,17,25,0.8707,
200 FL,SCM,18,19,0.8652,0.0251
200 FL,SCM,18,20,0.8727,0.0286
200 FL,SCM,18,21,0.8743,0.0315
200 FL,SCM,18,22,0.8651,0.0303
200 FL,SCM,18,23,0.8774,0.0238
200 FL,SCM,18,24,0.8872,0.0006
200 FL,SCM,18,25,0.8890,0.0159
200 FL,SCM,19,20,0.8770,0.0258
200 FL,SCM,19,21,0.8832,0.0255
200 FL,SCM,19,22,0.8812,0.0299
200 FL,SCM,19,23,0.8795,0.0203
200 FL,SCM,19,24,0.8650,0.0190
200 FL,SCM,19,25,0.8785,0.0041
200 FL,SCM,20,21,0.8880,0.0143
200 FL,SCM,20,22,0.8912,0.0153
200 FL,SCM,20,23,0.8857,0.0160
200 FL,SCM,20,24,0.8946,0.0202
200 FL,SCM,20,25,0.9049,0.0277
200 FL,SCM,21,22,0.8921,0.0255
200 FL,SCM,21,23,0.8949,0.0297
200 FL,SCM,21,24,0.8940,0.0161
200 FL,SCM,21,25,0.8869,0.0220
200 FL,SCY,15,19,0.9166,0.0366
200 FL,SCY,15,20,0.9091,0.0367
200 FL,SCY,15,21,0.9033,0.0381
200 FL,SCY,15,22,0.8965,0.0401
200 FL,SCY,15,23,0.8961,0.0513
200 FL,SCY,15,24,0.9080,0.0540
200 FL,SCY,15,25,0.9119,0.0475
200 FL,SCY,16,19,0.9479,0.0294
200 FL,SCY,16,20,0.9405,0.0307
200 FL,SCY,16,21,0.9341,0.0320
200 FL,SCY,16,22,0.9290,0.0348
200 FL,SCY,16,23,0.9375,0.0364
200 FL,SCY,16,24,0.9137,0.0461
200 FL,SCY,16,25,0.9230,0.0483
200 FL,SCY,17,19,0.9694,0.0220
200 FL,SCY,17,20,0.9620,0.0254
200 FL,SCY,17,21,0.9560,0.0261
200 FL,SCY,17,22,0.9546,0.0284
200 FL,SCY,17,23,0.9613,0.0251
200 FL,SCY,17,24,0.9465,0.0370
200 FL,SCY,17,25,0.9604,0.0331
200 FL,SCY,18,19,0.9853,0.0162
200 FL,SCY,18,20,0.9778,0.0207
200 FL,SCY,18,21,0.9735,0.0220
200 FL,SCY,18,22,0.9663,0.0274
200 FL,SCY,18,23,0.9700,0.0265
200 FL,SCY,18,24,0.9620,0.0261
200 FL,SCY,18,25,0.9811,0.0225
200 FL,SCY,19,20,0.9923,0.0141
200 FL,SCY,19,21,0.9877,0.0171
200 FL,SCY,19,22,0.9857,0.0201
200 FL,SCY,19,23,0.9895,0.0261
200 FL,SCY,19,24,0.9852,0.0232
200 FL,SCY,19,25,1.0014,0.0212
200 FL,SCY,20,21,0.9948,0.0137
200 FL,SCY,20,22,0.9931,0.0163
200 FL,SCY,20,23,0.9942,0.0230
200 FL,SCY,20,24,0.9955,0.0197
200 FL,SCY,20,25,1.0087,0.0218
200 FL,SCY,21,22,0.9960,0.0156
200 FL,SCY,21,23,0.9957,0.0215
200 FL,SCY,21,24,0.9944,0.0195
200 FL,SCY,21,25,1.0095,0.0290
200 FR,LCM,15,19,0.8012,0.0316
200 FR,LCM,15,20,0.7927,0.0329
200 FR,LCM,15,21,0.7897,0.0328
200 FR,LCM,15,22,0.7880,0.0343
200 FR,LCM,15,23,0.7928,0.0299
200 FR,LCM,15,24,0.8030,0.0391
200 FR,LCM,15,25,0.8076,0.0379
200 FR,LCM,16,19,0.8262,0.0250
200 FR,LCM,16,20,0.8183,0.0275
200 FR,LCM,16,21,0.8137,0.0278
200 FR,LCM,16,22,0.8103,0.0296
200 FR,LCM,16,23,0.8219,0.0255
200 FR,LCM,16,24,0.8249,0.0237
200 FR,LCM,16,25,0.8285,0.0235
200 FR,LCM,17,19,0.8423,0.0194
200 FR,LCM,17,20,0.8347,0.0227
200 FR,LCM,17,21,0.8303,0.0241
200 FR,LCM,17,22,0.8288,0.0244
200 FR,LCM,17,23,0.8332,0.0243
200 FR,LCM,17,24,0.8363,0.0244
200 FR,LCM,17,25,0.8415,0.0210
200 FR,LCM,18,19,0.8487,0.0173
200 FR,LCM,18,20,0.8420,0.0201
200 FR,LCM,18,21,0.8389,0.0204
200 FR,LCM,18,22,0.8382,0.0210
200 FR,LCM,18,23,0.8425,0.0226
200 FR,LCM,18,24,0.8388,0.0260
200 FR,LCM,18,25,0.8471,0.0279
200 FR,LCM,19,20,0.8468,0.0181
200 FR,LCM,19,21,0.8443,0.0188
200 FR,LCM,19,22,0.8434,0.0201
200 FR,LCM,19,23,0.8492,0.0207
200 FR,LCM,19,24,0.8520,0.0194
200 FR,LCM,19,25,0.8579,0.0211
200 FR,LCM,20,21,0.8498,0.0179
200 FR,LCM,20,22,0.8500,0.0179
200 FR,LCM,20,23,0.8563,0.0205
200 FR,LCM,20,24,0.8574,0.0246
200 FR,LCM,20,25,0.8624,0.0227
200 FR,LCM,21,22,0.8514,0.0181
200 FR,LCM,21,23,0.8561,0.0223
200 FR,LCM,21,24,0.8621,0.0215
200 FR,LCM,21,25,0.8640,0.0213
200 FR,SCM,15,19,0.7978,0.0414
200 FR,SCM,15,20,0.7994,0.0436
200 FR,SCM,15,21,0.7880,0.0403
200 FR,SCM,15,22,0.7950,0.0647
200 FR,SCM,15,23,0.8573,0.0542
200 FR,SCM,15,24,0.8308,0.1004
200 FR,SCM,15,25,0.8494,0.0932
200 FR,SCM,16,19,0.8325,0.0300
200 FR,SCM,16,20,0.8184,0.0398
200 FR,SCM,16,21,0.8183,0.0404
200 FR,SCM,16,22,0.8260,0.0470
200 FR,SCM,16,23,0.8435,0.0325
200 FR,SCM,16,24,0.8763,0.0161
200 FR,SCM,16,25,0.8563,0.0023
200 FR,SCM,17,19,0.8539,0.0334
200 FR,SCM,17,20,0.8542,0.0354
200 FR,SCM,17,21,0.8400,0.0381
200 FR,SCM,17,22,0.8560,0.0328
200 FR,SCM,17,23,0.8647,0.0353
200 FR,SCM,17,24,0.8698,0.0226
200 FR,SCM,17,25,0.8596,0.0161
200 FR,SCM,18,19,0.8774,0.0336
200 FR,SCM,18,20,0.8716,0.0327
200 FR,SCM,18,21,0.8717,0.0308
200 FR,SCM,18,22,0.8737,0.0289
200 FR,SCM,18,23,0.8780,0.0220
200 FR,SCM,18,24,0.8861,0.0162
200 FR,SCM,18,25,0.8808,0.0222
200 FR,SCM,19,20,0.8827,0.0200
200 FR,SCM,19,21,0.8810,0.0199
200 FR,SCM,19,22,0.8858,0.0171
200 FR,SCM,19,23,0.8854,0.0116
200 FR,SCM,19,24,0.8864,0.0212
200 FR,SCM,19,25,0.9011,0.0264
200 FR,SCM,20,21,0.8863,0.0157
200 FR,SCM,20,22,0.8918,0.0184
200 FR,SCM,20,23,0.8908,0.0212
200 FR,SCM,20,24,0.8945,0.0168
200 FR,SCM,20,25,0.9108,0.0129
200 FR,SCM,21,22,0.8895,0.0158
200 FR,SCM,21,23,0.8946,0.0150
200 FR,SCM,21,24,0.8927,0.0180
200 FR,SCM,21,25,0.9016,0.0255
200 FR,SCY,15,19,0.9274,0.0309
200 FR,SCY,15,20,0.9173,0.0343
200 FR,SCY,15,21,0.9120,0.0347
200 FR,SCY,15,22,0.9061,0.0370
200 FR,SCY,15,23,0.9136,0.0348
200 FR,SCY,15,24,0.9232,0.0372
200 FR,SCY,15,25,0.9313,0.0311
200 FR,SCY,16,19,0.9565,0.0236
200 FR,SCY,16,20,0.9471,0.0272
200 FR,SCY,16,21,0.9414,0.0281
200 FR,SCY,16,22,0.9374,0.0300
200 FR,SCY,16,23,0.9407,0.0287
200 FR,SCY,16,24,0.9421,0.0282
200 FR,SCY,16,25,0.9477,0.0299
200 FR,SCY,17,19,0.9742,0.0190
200 FR,SCY,17,20,0.9654,0.0233
200 FR,SCY,17,21,0.9606,0.0229
200 FR,SCY,17,22,0.9571,0.0246
200 FR,SCY,17,23,0.9611,0.0227
200 FR,SCY,17,24,0.9620,0.0273
200 FR,SCY,17,25,0.9682,0.0229
200 FR,SCY,18,19,0.9868,0.0142
200 FR,SCY,18,20,0.9794,0.0177
200 FR,SCY,18,21,0.9746,0.0193
200 FR,SCY,18,22,0.9705,0.0206
200 FR,SCY,18,23,0.9775,0.0236
200 FR,SCY,18,24,0.9801,0.0228
200 FR,SCY,18,25,0.9793,0.0176
200 FR,SCY,19,20,0.9908,0.0133
200 FR,SCY,19,21,0.9859,0.0161
200 FR,SCY,19,22,0.9816,0.0183
200 FR,SCY,19,23,0.9873,0.0222
200 FR,SCY,19,24,0.9825,0.0258
200 FR,SCY,19,25,0.9975,0.0200
200 FR,SCY,20,21,0.9940,0.0131
200 FR,SCY,20,22,0.9916,0.0166
200 FR,SCY,20,23,0.9925,0.0222
200 FR,SCY,20,24,0.9921,0.0295
200 FR,SCY,20,25,1.0052,0.0201
200 FR,SCY,21,22,0.9958,0.0137
200 FR,SCY,21,23,0.9960,0.0220
200 FR,SCY,21,24,0.9917,0.0216
200 FR,SCY,21,25,1.0100,0.0200
200 IM,LCM,15,19,0.7925,0.0275
200 IM,LCM,15,20,0.7859,0.0297
200 IM,LCM,15,21,0.7793,0.0303
200 IM,LCM,15,22,0.7784,0.0306
200 IM,LCM,15,23,0.7869,0.0328
200 IM,LCM,15,24,0.7960,0.0226
200 IM,LCM,15,25,0.8021,0.0265
200 IM,LCM,16,19,0.8168,0.0217
200 IM,LCM,16,20,0.8093,0.0235
200 IM,LCM,16,21,0.8040,0.0248
200 IM,LCM,16,22,0.8015,0.0252
200 IM,LCM,16,23,0.8067,0.0254
200 IM,LCM,16,24,0.8096,0.0233
200 IM,LCM,16,25,0.8239,0.0182
200 IM,LCM,17,19,0.8322,0.0195
200 IM,LCM,17,20,0.8257,0.0207
200 IM,LCM,17,21,0.8209,0.0220
200 IM,LCM,17,22,0.8177,0.0231
200 IM,LCM,17,23,0.8204,0.0257
200 IM,LCM,17,24,0.8220,0.0244
200 IM,LCM,17,25,0.8335,0.0225
200 IM,LCM,18,19,0.8394,0.0178
200 IM,LCM,18,20,0.8323,0.0200
200 IM,LCM,18,21,0.8276,0.0211
200 IM,LCM,18,22,0.8272,0.0213
200 IM,LCM,18,23,0.8273,0.0267
200 IM,LCM,18,24,0.8295,0.0270
200 IM,LCM,18,25,0.8466,0.0241
200 IM,LCM,19,20,0.8367,0.0183
200 IM,LCM,19,21,0.8332,0.0192
200 IM,LCM,19,22,0.8318,0.0201
200 IM,LCM,19,23,0.8367,0.0214
200 IM,LCM,19,24,0.8405,0.0214
200 IM,LCM,19,25,0.8492,0.0225
200 IM,LCM,20,21,0.8388,0.0191
200 IM,LCM,20,22,0.8385,0.0185
200 IM,LCM,20,23,0.8436,0.0201
200 IM,LCM,20,24,0.8485,0.0165
200 IM,LCM,20,25,0.8609,0.0204
200 IM,LCM,21,22,0.8402,0.0202
200 IM,LCM,21,23,0.8446,0.0227
200 IM,LCM,21,24,0.8491,0.0235
200 IM,LCM,21,25,0.8647,0.0201
200 IM,SCM,15,19,0.7948,0.0395
200 IM,SCM,15,20,0.7897,0.0420
200 IM,SCM,15,21,0.7817,0.0385
200 IM,SCM,15,22,0.7691,0.0368
200 IM,SCM,15,23,0.8537,0.0614
200 IM,SCM,15,24,0.8581,0.0654
200 IM,SCM,15,25,,
200 IM,SCM,16,19,0.8284,0.0307
200 IM,SCM,16,20,0.8198,0.0349
200 IM,SCM,16,21,0.8082,0.0377
200 IM,SCM,16,22,0.7900,0.0483
200 IM,SCM,16,23,0.8437,0.0058
200 IM,SCM,16,24,0.8348,0.0140
200 IM,SCM,16,25,,
200 IM,SCM,17,19,0.8479,0.0296
200 IM,SCM,17,20,0.8486,0.0326
200 IM,SCM,17,21,0.8380,0.0356
200 IM,SCM,17,22,0.8405,0.0277
200 IM,SCM,17,23,0.8564,0.0308
200 IM,SCM,17,24,0.8644,0.0316
200 IM,SCM,17,25,0.8664,0.0479
200 IM,SCM,18,19,0.8642,0.0225
200 IM,SCM,18,20,0.8691,0.0212
200 IM,SCM,18,21,0.8589,0.0315
200 IM,SCM,18,22,0.8620,0.0217
200 IM,SCM,18,23,0.8639,0.0174
200 IM,SCM,18,24,0.8666,0.0167
200 IM,SCM,18,25,0.8757,0.0291
200 IM,SCM,19,20,0.8807,0.0177
200 IM,SCM,19,21,0.8752,0.0190
200 IM,SCM,19,22,0.8818,0.0180
200 IM,SCM,19,23,0.8831,0.0149
200 IM,SCM,19,24,0.8830,0.0117
200 IM,SCM,19,25,0.8755,0.0228
200 IM,SCM,20,21,0.8806,0.0205
200 IM,SCM,20,22,0.8773,0.0160
200 IM,SCM,20,23,0.8827,0.0246
200 IM,SCM,20,24,0.8859,0.0212
200 IM,SCM,20,25,0.8732,0.0338
200 IM,SCM,21,22,0.8860,0.0176
200 IM,SCM,21,23,0.8848,0.0231
200 IM,SCM,21,24,0.8936,0.0254
200 IM,SCM,21,25,0.9096,0.0178
200 IM,SCY,15,19,0.9212,0.0281
200 IM,SCY,15,20,0.9116,0.0313
200 IM,SCY,15,21,0.9033,0.0332
200 IM,SCY,15,22,0.8994,0.0336
200 IM,SCY,15,23,0.9076,0.0393
200 IM,SCY,15,24,0.9172,0.0181
200 IM,SCY,15,25,0.9191,0.0276
200 IM,SCY,16,19,0.9490,0.0224
200 IM,SCY,16,20,0.9404,0.0261
200 IM,SCY,16,21,0.9328,0.0269
200 IM,SCY,16,22,0.9271,0.0293
200 IM,SCY,16,23,0.9319,0.0305
200 IM,SCY,16,24,0.9373,0.0244
200 IM,SCY,16,25,0.9454,0.0257
200 IM,SCY,17,19,0.9681,0.0186
200 IM,SCY,17,20,0.9602,0.0213
200 IM,SCY,17,21,0.9537,0.0212
200 IM,SCY,17,22,0.9476,0.0246
200 IM,SCY,17,23,0.9485,0.0312
200 IM,SCY,17,24,0.9515,0.0262
200 IM,SCY,17,25,0.9575,0.0189
200 IM,SCY,18,19,0.9850,0.0140
200 IM,SCY,18,20,0.9760,0.0170
200 IM,SCY,18,21,0.9703,0.0193
200 IM,SCY,18,22,0.9635,0.0227
200 IM,SCY,18,23,0.9667,0.0263
200 IM,SCY,18,24,0.9642,0.0263
200 IM,SCY,18,25,0.9756,0.0304
200 IM,SCY,19,20,0.9892,0.0143
200 IM,SCY,19,21,0.9835,0.0164
200 IM,SCY,19,22,0.9778,0.0200
200 IM,SCY,19,23,0.9763,0.0287
200 IM,SCY,19,24,0.9832,0.0224
200 IM,SCY,19,25,0.9944,0.0226
200 IM,SCY,20,21,0.9936,0.0120
200 IM,SCY,20,22,0.9896,0.0159
200 IM,SCY,20,23,0.9877,0.0205
200 IM,SCY,20,24,0.9961,0.0195
200 IM,SCY,20,25,1.0048,0.0211
200 IM,SCY,21,22,0.9947,0.0139
200 IM,SCY,21,23,0.9932,0.0213
200 IM,SCY,21,24,0.9926,0.0217
200 IM,SCY,21,25,1.0129,0.0267
400 FR,LCM,15,19,1.0355,0.0353
400 FR,LCM,15,20,1.0286,0.0370
400 FR,LCM,15,21,1.0254,0.0366
400 FR,LCM,15,22,1.0220,0.0416
400 FR,LCM,15,23,1.0305,0.0387
400 FR,LCM,15,24,1.0391,0.0429
400 FR,LCM,15,25,1.0506,0.0468
400 FR,LCM,16,19,1.0627,0.0282
400 FR,LCM,16,20,1.0558,0.0314
400 FR,LCM,16,21,1.0523,0.0309
400 FR,LCM,16,22,1.0515,0.0341
400 FR,LCM,16,23,1.0622,0.0328
400 FR,LCM,16,24,1.0701,0.0389
400 FR,LCM,16,25,1.0690,0.0402
400 FR,LCM,17,19,1.0786,0.0228
400 FR,LCM,17,20,1.0732,0.0261
400 FR,LCM,17,21,1.0708,0.0271
400 FR,LCM,17,22,1.0685,0.0312
400 FR,LCM,17,23,1.0756,0.0318
400 FR,LCM,17,24,1.0867,0.0328
400 FR,LCM,17,25,1.0858,0.0356
400 FR,LCM,18,19,1.0836,0.0222
400 FR,LCM,18,20,1.0798,0.0241
400 FR,LCM,18,21,1.0764,0.0262
400 FR,LCM,18,22,1.0760,0.0293
400 FR,LCM,18,23,1.0861,0.0264
400 FR,LCM,18,24,1.0909,0.0386
400 FR,LCM,18,25,1.0994,0.0379
400 FR,LCM,19,20,1.0822,0.0224
400 FR,LCM,19,21,1.0811,0.0238
400 FR,LCM,19,22,1.0825,0.0247
400 FR,LCM,19,23,1.0931,0.0264
400 FR,LCM,19,24,1.1041,0.0228
400 FR,LCM,19,25,1.1061,0.0255
400 FR,LCM,20,21,1.0866,0.0215
400 FR,LCM,20,22,1.0884,0.0240
400 FR,LCM,20,23,1.0991,0.0251
400 FR,LCM,20,24,1.1070,0.0228
400 FR,LCM,20,25,1.1082,0.0271
400 FR,LCM,21,22,1.0902,0.0215
400 FR,LCM,21,23,1.0974,0.0258
400 FR,LCM,21,24,1.1052,0.0260
400 FR,LCM,21,25,1.1129,0.0285
400 FR,SCM,15,19,1.0338,0.0456
400 FR,SCM,15,20,1.0396,0.0434
400 FR,SCM,15,21,1.0445,0.0474
400 FR,SCM,15,22,1.0558,0.0877
400 FR,SCM,15,23,1.1154,0.0370
400 FR,SCM,15,24,,
400 FR,SCM,15,25,1.1601,0.0224
400 FR,SCM,16,19,1.0712,0.0370
400 FR,SCM,16,20,1.0713,0.0357
400 FR,SCM,16,21,1.0739,0.0310
400 FR,SCM,16,22,1.0753,0.0557
400 FR,SCM,16,23,1.0657,0.0385
400 FR,SCM,16,24,1.1442,0.0203
400 FR,SCM,16,25,1.1202,
400 FR,SCM,17,19,1.1023,0.0324
400 FR,SCM,17,20,1.1024,0.0320
400 FR,SCM,17,21,1.1031,0.0297
400 FR,SCM,17,22,1.1018,0.0391
400 FR,SCM,17,23,1.1103,0.0453
400 FR,SCM,17,24,1.0813,0.0849
400 FR,SCM,17,25,1.0855,
400 FR,SCM,18,19,1.1230,0.0287
400 FR,SCM,18,20,1.1252,0.0236
400 FR,SCM,18,21,1.1176,0.0291
400 FR,SCM,18,22,1.1226,0.0317
400 FR,SCM,18,23,1.1274,0.0343
400 FR,SCM,18,24,1.1315,0.0098
400 FR,SCM,18,25,1.1245,
400 FR,SCM,19,20,1.1258,0.0224
400 FR,SCM,19,21,1.1289,0.0207
400 FR,SCM,19,22,1.1239,0.0289
400 FR,SCM,19,23,1.1253,0.0306
400 FR,SCM,19,24,1.1398,0.0303
400 FR,SCM,19,25,1.1253,
400 FR,SCM,20,21,1.1286,0.0230
400 FR,SCM,20,22,1.1438,0.0205
400 FR,SCM,20,23,1.1358,0.0247
400 FR,SCM,20,24,1.1458,0.0155
400 FR,SCM,20,25,1.1596,0.0256
400 FR,SCM,21,22,1.1346,0.0205
400 FR,SCM,21,23,1.1415,0.0286
400 FR,SCM,21,24,1.1649,0.0241
400 FR,SCM,21,25,1.1524,
400 IM,LCM,15,19,0.8086,0.0259
400 IM,LCM,15,20,0.8019,0.0262
400 IM,LCM,15,21,0.7987,0.0268
400 IM,LCM,15,22,0.7990,0.0286
400 IM,LCM,15,23,0.8054,0.0336
400 IM,LCM,15,24,0.8204,0.0314
400 IM,LCM,15,25,0.8167,0.0197
400 IM,LCM,16,19,0.8290,0.0215
400 IM,LCM,16,20,0.8229,0.0228
400 IM,LCM,16,21,0.8196,0.0240
400 IM,LCM,16,22,0.8189,0.0251
400 IM,LCM,16,23,0.8256,0.0255
400 IM,LCM,16,24,0.8382,0.0190
400 IM,LCM,16,25,0.8376,0.0150
400 IM,LCM,17,19,0.8432,0.0181
400 IM,LCM,17,20,0.8378,0.0194
400 IM,LCM,17,21,0.8353,0.0204
400 IM,LCM,17,22,0.8328,0.0244
400 IM,LCM,17,23,0.8389,0.0267
400 IM,LCM,17,24,0.8424,0.0304
400 IM,LCM,17,25,0.8399,0.0318
400 IM,LCM,18,19,0.8477,0.0178
400 IM,LCM,18,20,0.8429,0.0194
400 IM,LCM,18,21,0.8411,0.0198
400 IM,LCM,18,22,0.8399,0.0229
400 IM,LCM,18,23,0.8487,0.0249
400 IM,LCM,18,24,0.8458,0.0321
400 IM,LCM,18,25,0.8572,0.0293
400 IM,LCM,19,20,0.8457,0.0178
400 IM,LCM,19,21,0.8445,0.0183
400 IM,LCM,19,22,0.8438,0.0203
400 IM,LCM,19,23,0.8550,0.0210
400 IM,LCM,19,24,0.8647,0.0203
400 IM,LCM,19,25,0.8642,0.0141
400 IM,LCM,20,21,0.8470,0.0180
400 IM,LCM,20,22,0.8487,0.0186
400 IM,LCM,20,23,0.8554,0.0202
400 IM,LCM,20,24,0.8630,0.0234
400 IM,LCM,20,25,0.8627,0.0254
400 IM,LCM,21,22,0.8511,0.0176
400 IM,LCM,21,23,0.8597,0.0222
400 IM,LCM,21,24,0.8621,0.0290
400 IM,LCM,21,25,0.8687,0.0232
400 IM,SCM,15,19,0.8060,0.0343
400 IM,SCM,15,20,0.8126,0.0317
400 IM,SCM,15,21,0.8104,0.0356
400 IM,SCM,15,22,0.8359,0.0509
400 IM,SCM,15,23,0.8736,0.0239
400 IM,SCM,15,24,0.9190,
400 IM,SCM,15,25,,
400 IM,SCM,16,19,0.8371,0.0294
400 IM,SCM,16,20,0.8443,0.0260
400 IM,SCM,16,21,0.8405,0.0339
400 IM,SCM,16,22,0.8622,0.0290
400 IM,SCM,16,23,0.8730,0.0172
400 IM,SCM,16,24,0.8669,
400 IM,SCM,16,25,0.8594,
400 IM,SCM,17,19,0.8628,0.0214
400 IM,SCM,17,20,0.8552,0.0254
400 IM,SCM,17,21,0.8489,0.0221
400 IM,SCM,17,22,0.8617,0.0257
400 IM,SCM,17,23,0.8600,0.0487
400 IM,SCM,17,24,0.8148,
400 IM,SCM,17,25,0.8699,0.0640
400 IM,SCM,18,19,0.8730,0.0248
400 IM,SCM,18,20,0.8707,0.0239
400 IM,SCM,18,21,0.8703,0.0283
400 IM,SCM,18,22,0.8789,0.0345
400 IM,SCM,18,23,0.8702,0.0230
400 IM,SCM,18,24,0.8828,0.0124
400 IM,SCM,18,25,0.8727,
400 IM,SCM,19,20,0.8859,0.0143
400 IM,SCM,19,21,0.8845,0.0232
400 IM,SCM,19,22,0.8922,0.0248
400 IM,SCM,19,23,0.8908,0.0273
400 IM,SCM,19,24,0.8911,0.0147
400 IM,SCM,19,25,0.8914,0.0177
400 IM,SCM,20,21,0.8890,0.0173
400 IM,SCM,20,22,0.8892,0.0179
400 IM,SCM,20,23,0.8904,0.0224
400 IM,SCM,20,24,0.8962,0.0069
400 IM,SCM,20,25,,
400 IM,SCM,21,22,0.8925,0.0134
400 IM,SCM,21,23,0.9016,0.0164
400 IM,SCM,21,24,0.9063,0.0094
400 IM,SCM,21,25,0.9059,0.0188
400 IM,SCY,15,19,0.9281,0.0284
400 IM,SCY,15,20,0.9213,0.0298
400 IM,SCY,15,21,0.9155,0.0297
400 IM,SCY,15,22,0.9120,0.0333
400 IM,SCY,15,23,0.9255,0.0448
400 IM,SCY,15,24,0.9348,0.0291
400 IM,SCY,15,25,0.9407,0.0216
400 IM,SCY,16,19,0.9553,0.0232
400 IM,SCY,16,20,0.9484,0.0250
400 IM,SCY,16,21,0.9426,0.0260
400 IM,SCY,16,22,0.9401,0.0291
400 IM,SCY,16,23,0.9480,0.0269
400 IM,SCY,16,24,0.9494,0.0256
400 IM,SCY,16,25,0.9622,0.0276
400 IM,SCY,17,19,0.9727,0.0185
400 IM,SCY,17,20,0.9659,0.0206
400 IM,SCY,17,21,0.9615,0.0215
400 IM,SCY,17,22,0.9552,0.0250
400 IM,SCY,17,23,0.9576,0.0321
400 IM,SCY,17,24,0.9565,0.0252
400 IM,SCY,17,25,0.9612,0.0296
400 IM,SCY,18,19,0.9870,0.0151
400 IM,SCY,18,20,0.9805,0.0172
400 IM,SCY,18,21,0.9769,0.0196
400 IM,SCY,18,22,0.9691,0.0218
400 IM,SCY,18,23,0.9830,0.0282
400 IM,SCY,18,24,0.9869,0.0279
400 IM,SCY,18,25,0.9805,0.0348
400 IM,SCY,19,20,0.9931,0.0123
400 IM,SCY,19,21,0.9903,0.0150
400 IM,SCY,19,22,0.9862,0.0171
400 IM,SCY,19,23,0.9957,0.0262
400 IM,SCY,19,24,0.9931,0.0195
400 IM,SCY,19,25,0.9926,0.0260
400 IM,SCY,20,21,0.9960,0.0128
400 IM,SCY,20,22,0.9930,0.0159
400 IM,SCY,20,23,1.0007,0.0238
400 IM,SCY,20,24,1.0048,0.0238
400 IM,SCY,20,25,1.0200,0.0169
400 IM,SCY,21,22,0.9977,0.0135
400 IM,SCY,21,23,0.9989,0.0197
400 IM,SCY,21,24,1.0040,0.0257
400 IM,SCY,21,25,1.0239,0.0263
50 FR,LCM,15,19,0.7895,0.0292
50 FR,LCM,15,20,0.7810,0.0293
50 FR,LCM,15,21,0.7741,0.0303
50 FR,LCM,15,22,0.7741,0.0305
50 FR,LCM,15,23,0.7734,0.0370
50 FR,LCM,15,24,0.7706,0.0396
50 FR,LCM,15,25,0.7842,0.0294
50 FR,LCM,16,19,0.8155,0.0246
50 FR,LCM,16,20,0.8052,0.0255
50 FR,LCM,16,21,0.7993,0.0265
50 FR,LCM,16,22,0.7971,0.0266
50 FR,LCM,16,23,0.8005,0.0295
50 FR,LCM,16,24,0.8036,0.0358
50 FR,LCM,16,25,0.8071,0.0230
50 FR,LCM,17,19,0.8347,0.0189
50 FR,LCM,17,20,0.8253,0.0206
50 FR,LCM,17,21,0.8180,0.0215
50 FR,LCM,17,22,0.8163,0.0217
50 FR,LCM,17,23,0.8179,0.0225
50 FR,LCM,17,24,0.8176,0.0349
50 FR,LCM,17,25,0.8214,0.0218
50 FR,LCM,18,19,0.8420,0.0166
50 FR,LCM,18,20,0.8340,0.0180
50 FR,LCM,18,21,0.8280,0.0196
50 FR,LCM,18,22,0.8254,0.0204
50 FR,LCM,18,23,0.8274,0.0201
50 FR,LCM,18,24,0.8287,0.0272
50 FR,LCM,18,25,0.8274,0.0253
50 FR,LCM,19,20,0.8421,0.0162
50 FR,LCM,19,21,0.8365,0.0185
50 FR,LCM,19,22,0.8350,0.0189
50 FR,LCM,19,23,0.8397,0.0217
50 FR,LCM,19,24,0.8430,0.0265
50 FR,LCM,19,25,0.8453,0.0259
50 FR,LCM,20,21,0.8444,0.0159
50 FR,LCM,20,22,0.8426,0.0178
50 FR,LCM,20,23,0.8444,0.0208
50 FR,LCM,20,24,0.8510,0.0235
50 FR,LCM,20,25,0.8514,0.0224
50 FR,LCM,21,22,0.8461,0.0168
50 FR,LCM,21,23,0.8476,0.0213
50 FR,LCM,21,24,0.8536,0.0223
50 FR,LCM,21,25,0.8579,0.0221
50 FR,SCM,15,19,0.7984,0.0349
50 FR,SCM,15,20,0.7954,0.0330
50 FR,SCM,15,21,0.7933,0.0341
50 FR,SCM,15,22,0.7819,0.0325
50 FR,SCM,15,23,0.8158,0.0731
50 FR,SCM,15,24,0.8132,0.0796
50 FR,SCM,15,25,0.8620,0.1239
50 FR,SCM,16,19,0.8163,0.0314
50 FR,SCM,16,20,0.8213,0.0318
50 FR,SCM,16,21,0.8091,0.0339
50 FR,SCM,16,22,0.7979,0.0292
50 FR,SCM,16,23,0.8137,0.0196
50 FR,SCM,16,24,0.8151,0.0061
50 FR,SCM,16,25,0.8210,0.0196
50 FR,SCM,17,19,0.8466,0.0273
50 FR,SCM,17,20,0.8386,0.0285
50 FR,SCM,17,21,0.8254,0.0258
50 FR,SCM,17,22,0.8253,0.0300
50 FR,SCM,17,23,0.8537,0.0555
50 FR,SCM,17,24,0.8374,0.0623
50 FR,SCM,17,25,0.8372,
50 FR,SCM,18,19,0.8682,0.0250
50 FR,SCM,18,20,0.8654,0.0213
50 FR,SCM,18,21,0.8631,0.0244
50 FR,SCM,18,22,0.8623,0.0235
50 FR,SCM,18,23,0.8676,0.0152
50 FR,SCM,18,24,0.8805,0.0194
50 FR,SCM,18,25,0.8729,0.0110
50 FR,SCM,19,20,0.8744,0.0247
50 FR,SCM,19,21,0.8715,0.0227
50 FR,SCM,19,22,0.8726,0.0204
50 FR,SCM,19,23,0.8752,0.0220
50 FR,SCM,19,24,0.8756,0.0198
50 FR,SCM,19,25,0.8815,0.0225
50 FR,SCM,20,21,0.8806,0.0190
50 FR,SCM,20,22,0.8771,0.0180
50 FR,SCM,20,23,0.8744,0.0236
50 FR,SCM,20,24,0.8977,0.0263
50 FR,SCM,20,25,0.8762,0.0227
50 FR,SCM,21,22,0.8823,0.0210
50 FR,SCM,21,23,0.8882,0.0202
50 FR,SCM,21,24,0.8973,0.0254
50 FR,SCM,21,25,0.8855,0.0321
50 FR,SCY,15,19,0.9119,0.0315
50 FR,SCY,15,20,0.9012,0.0331
50 FR,SCY,15,21,0.8923,0.0340
50 FR,SCY,15,22,0.8875,0.0346
50 FR,SCY,15,23,0.8897,0.0376
50 FR,SCY,15,24,0.8947,0.0418
50 FR,SCY,15,25,0.9037,0.0380
50 FR,SCY,16,19,0.9423,0.0255
50 FR,SCY,16,20,0.9319,0.0265
50 FR,SCY,16,21,0.9237,0.0280
50 FR,SCY,16,22,0.9175,0.0296
50 FR,SCY,16,23,0.9238,0.0289
50 FR,SCY,16,24,0.9257,0.0330
50 FR,SCY,16,25,0.9261,0.0286
50 FR,SCY,17,19,0.9635,0.0192
50 FR,SCY,17,20,0.9533,0.0219
50 FR,SCY,17,21,0.9457,0.0235
50 FR,SCY,17,22,0.9391,0.0281
50 FR,SCY,17,23,0.9416,0.0236
50 FR,SCY,17,24,0.9473,0.0292
50 FR,SCY,17,25,0.9471,0.0239
50 FR,SCY,18,19,0.9810,0.0152
50 FR,SCY,18,20,0.9707,0.0186
50 FR,SCY,18,21,0.9634,0.0204
50 FR,SCY,18,22,0.9560,0.0223
50 FR,SCY,18,23,0.9569,0.0237
50 FR,SCY,18,24,0.9627,0.0269
50 FR,SCY,18,25,0.9638,0.0265
50 FR,SCY,19,20,0.9866,0.0147
50 FR,SCY,19,21,0.9798,0.0173
50 FR,SCY,19,22,0.9731,0.0193
50 FR,SCY,19,23,0.9728,0.0259
50 FR,SCY,19,24,0.9832,0.0290
50 FR,SCY,19,25,0.9863,0.0310
50 FR,SCY,20,21,0.9911,0.0137
50 FR,SCY,20,22,0.9864,0.0162
50 FR,SCY,20,23,0.9832,0.0206
50 FR,SCY,20,24,0.9858,0.0214
50 FR,SCY,20,25,0.9918,0.0243
50 FR,SCY,21,22,0.9937,0.0149
50 FR,SCY,21,23,0.9914,0.0217
50 FR,SCY,21,24,0.9950,0.0269
50 FR,SCY,21,25,1.0037,0.0212
500 FR,SCY,15,19,0.9392,0.0264
500 FR,SCY,15,20,0.9332,0.0292
500 FR,SCY,15,21,0.9307,0.0292
500 FR,SCY,15,22,0.9247,0.0339
500 FR,SCY,15,23,0.9352,0.0279
500 FR,SCY,15,24,0.9497,0.0375
500 FR,SCY,15,25,0.9403,0.0386
500 FR,SCY,16,19,0.9626,0.0219
500 FR,SCY,16,20,0.9569,0.0243
500 FR,SCY,16,21,0.9538,0.0250
500 FR,SCY,16,22,0.9496,0.0278
500 FR,SCY,16,23,0.9508,0.0343
500 FR,SCY,16,24,0.9715,0.0241
500 FR,SCY,16,25,0.9656,0.0317
500 FR,SCY,17,19,0.9769,0.0172
500 FR,SCY,17,20,0.9720,0.0195
500 FR,SCY,17,21,0.9685,0.0209
500 FR,SCY,17,22,0.9647,0.0225
500 FR,SCY,17,23,0.9678,0.0251
500 FR,SCY,17,24,0.9759,0.0359
500 FR,SCY,17,25,0.9769,0.0261
500 FR,SCY,18,19,0.9887,0.0141
500 FR,SCY,18,20,0.9842,0.0158
500 FR,SCY,18,21,0.9808,0.0182
500 FR,SCY,18,22,0.9755,0.0210
500 FR,SCY,18,23,0.9851,0.0243
500 FR,SCY,18,24,0.9937,0.0306
500 FR,SCY,18,25,0.9909,0.0231
500 FR,SCY,19,20,0.9939,0.0121
500 FR,SCY,19,21,0.9912,0.0138
500 FR,SCY,19,22,0.9899,0.0161
500 FR,SCY,19,23,0.9923,0.0220
500 FR,SCY,19,24,0.9930,0.0239
500 FR,SCY,19,25,1.0040,0.0167
500 FR,SCY,20,21,0.9967,0.0113
500 FR,SCY,20,22,0.9959,0.0147
500 FR,SCY,20,23,0.9977,0.0208
500 FR,SCY,20,24,1.0051,0.0182
500 FR,SCY,20,25,1.0069,0.0202
500 FR,SCY,21,22,0.9981,0.0127
500 FR,SCY,21,23,0.9973,0.0192
500 FR,SCY,21,24,1.0022,0.0193
500 FR,SCY,21,25,1.0163,0.0197
800 FR,LCM,15,19,1.7537,0.0562
800 FR,LCM,15,20,1.7489,0.0584
800 FR,LCM,15,21,1.7404,0.0599
800 FR,LCM,15,22,1.7358,0.0597
800 FR,LCM,15,23,1.7627,0.0447
800 FR,LCM,15,24,1.7593,0.0539
800 FR,LCM,15,25,1.7536,0.0677
800 FR,LCM,16,19,1.7900,0.0487
800 FR,LCM,16,20,1.7850,0.0484
800 FR,LCM,16,21,1.7782,0.0505
800 FR,LCM,16,22,1.7772,0.0562
800 FR,LCM,16,23,1.8026,0.0409
800 FR,LCM,16,24,1.7826,0.0858
800 FR,LCM,16,25,1.7842,0.0774
800 FR,LCM,17,19,1.8137,0.0412
800 FR,LCM,17,20,1.8068,0.0434
800 FR,LCM,17,21,1.8052,0.0458
800 FR,LCM,17,22,1.8041,0.0503
800 FR,LCM,17,23,1.8133,0.0449
800 FR,LCM,17,24,1.8442,0.0395
800 FR,LCM,17,25,1.7946,0.0483
800 FR,LCM,18,19,1.8159,0.0401
800 FR,LCM,18,20,1.8100,0.0418
800 FR,LCM,18,21,1.8096,0.0450
800 FR,LCM,18,22,1.8085,0.0468
800 FR,LCM,18,23,1.8235,0.0463
800 FR,LCM,18,24,1.8337,0.0436
800 FR,LCM,18,25,1.7923,0.0893
800 FR,LCM,19,20,1.8129,0.0405
800 FR,LCM,19,21,1.8099,0.0436
800 FR,LCM,19,22,1.8162,0.0435
800 FR,LCM,19,23,1.8423,0.0335
800 FR,LCM,19,24,1.8609,0.0242
800 FR,LCM,19,25,1.8288,0.0392
800 FR,LCM,20,21,1.8202,0.0366
800 FR,LCM,20,22,1.8211,0.0397
800 FR,LCM,20,23,1.8384,0.0423
800 FR,LCM,20,24,1.8595,0.0383
800 FR,LCM,20,25,1.8462,0.0472
800 FR,LCM,21,22,1.8202,0.0406
800 FR,LCM,21,23,1.8377,0.0382
800 FR,LCM,21,24,1.8588,0.0235
800 FR,LCM,21,25,1.8307,0.0419
800 FR,SCM,15,19,1.7602,0.0729
800 FR,SCM,15,20,1.7742,0.0872
800 FR,SCM,15,21,1.7197,0.1017
800 FR,SCM,15,22,1.7584,0.0830
800 FR,SCM,15,23,1.8996,
800 FR,SCM,15,24,,
800 FR,SCM,15,25,1.8514,
800 FR,SCM,16,19,1.7821,0.0469
800 FR,SCM,16,20,1.7902,0.0326
800 FR,SCM,16,21,1.7810,0.0465
800 FR,SCM,16,22,1.7740,0.0526
800 FR,SCM,16,23,1.7917,
800 FR,SCM,16,24,,
800 FR,SCM,16,25,,
800 FR,SCM,17,19,1.8398,0.0688
800 FR,SCM,17,20,1.8683,0.0742
800 FR,SCM,17,21,1.8485,0.0835
800 FR,SCM,17,22,1.8423,0.0609
800 FR,SCM,17,23,1.8692,0.1106
800 FR,SCM,17,24,,
800 FR,SCM,17,25,,
800 FR,SCM,18,19,1.8858,0.0407
800 FR,SCM,18,20,1.8931,0.0445
800 FR,SCM,18,21,1.8936,0.0607
800 FR,SCM,18,22,1.9198,0.0251
800 FR,SCM,18,23,1.8795,0.0989
800 FR,SCM,18,24,,
800 FR,SCM,18,25,,
800 FR,SCM,19,20,1.8785,0.0588
800 FR,SCM,19,21,1.8690,0.0530
800 FR,SCM,19,22,1.8834,0.0535
800 FR,SCM,19,23,1.8874,0.1040
800 FR,SCM,19,24,,
800 FR,SCM,19,25,,
800 FR,SCM,20,21,1.9111,0.0591
800 FR,SCM,20,22,1.9154,0.0467
800 FR,SCM,20,23,1.9104,0.0494
800 FR,SCM,20,24,,
800 FR,SCM,20,25,,
800 FR,SCM,21,22,1.8998,0.0253
800 FR,SCM,21,23,1.8820,0.0015
800 FR,SCM,21,24,,
800 FR,SCM,21,25,,
